codec,scenario,resolution,encode_ms_p50,encode_ms_p95,encode_ms_p99,decode_ms_p50,decode_ms_p95,encode_MiBps,decode_MiBps,label
rgb565-lz4,app-launch-close,720x1280,3.5809,28.3605,38.6184,1.8558,6.5896,28.36,97.85,MEASURED_PI
quant-moderate-16bit-lz4,app-launch-close,720x1280,4.849,16.711,17.4164,3.7557,8.9534,24.98,40.19,MEASURED_PI
quant-aggressive-lz4,app-launch-close,720x1280,3.2291,8.3487,9.2913,2.7055,5.2417,21.48,30.05,MEASURED_PI
qoir-lossless,app-launch-close,720x1280,14.5278,37.6248,39.1704,29.8136,44.0385,12.71,8.31,MEASURED_PI
qoir-lossy-l3,app-launch-close,720x1280,16.9963,34.3751,34.818,55.5188,67.9673,9.61,3.7,MEASURED_PI
qoir-lossy-l5,app-launch-close,720x1280,16.7899,26.5949,27.0476,55.5265,63.3375,5.08,1.76,MEASURED_PI
prev-xor-lz4,app-launch-close,720x1280,12.5937,15.2705,40.4633,9.5325,10.0086,3.85,5.55,MEASURED_PI
prev-sub-lz4,app-launch-close,720x1280,12.6271,15.4967,40.2663,9.4622,9.7023,3.86,5.62,MEASURED_PI
rgb565-lz4,app-switching,720x1280,3.5802,28.661,41.1705,1.8554,6.5965,24.8,72.01,MEASURED_PI
quant-moderate-16bit-lz4,app-switching,720x1280,4.7995,16.688,18.0044,3.7241,9.0166,19.11,28.41,MEASURED_PI
quant-aggressive-lz4,app-switching,720x1280,3.2153,8.3018,9.4533,2.6913,5.2009,16.32,21.02,MEASURED_PI
qoir-lossless,app-switching,720x1280,14.4613,37.6135,39.244,29.7687,43.9798,9.02,5.18,MEASURED_PI
qoir-lossy-l3,app-switching,720x1280,16.9335,34.2982,35.3383,55.412,67.8546,6.46,2.23,MEASURED_PI
qoir-lossy-l5,app-switching,720x1280,16.7527,26.6512,27.0136,55.4477,63.204,3.44,1.11,MEASURED_PI
prev-xor-lz4,app-switching,720x1280,12.1431,17.2083,39.0179,9.4611,10.1122,3.17,4.45,MEASURED_PI
prev-sub-lz4,app-switching,720x1280,12.2997,17.4655,35.8211,9.4574,10.3835,3.16,4.47,MEASURED_PI
rgb565-lz4,fullscreen-animation,720x1280,2.4931,3.5732,3.9552,2.1471,2.5499,7.23,8.53,MEASURED_PI
quant-moderate-16bit-lz4,fullscreen-animation,720x1280,4.1052,5.1312,5.9806,3.0254,3.1852,3.74,5.15,MEASURED_PI
quant-aggressive-lz4,fullscreen-animation,720x1280,2.6701,3.0124,3.9128,2.3058,2.6272,3.56,4.06,MEASURED_PI
qoir-lossless,fullscreen-animation,720x1280,13.1151,13.937,15.3463,29.0928,29.2356,1.14,0.52,MEASURED_PI
qoir-lossy-l3,fullscreen-animation,720x1280,15.7798,16.8663,17.112,54.8594,55.0317,0.8,0.23,MEASURED_PI
qoir-lossy-l5,fullscreen-animation,720x1280,15.6091,16.5376,16.9224,54.7406,54.8935,0.65,0.19,MEASURED_PI
prev-xor-lz4,fullscreen-animation,720x1280,12.335,12.722,13.1951,8.6482,9.6654,0.8,1.12,MEASURED_PI
prev-sub-lz4,fullscreen-animation,720x1280,12.3577,12.8053,12.9166,8.7077,9.841,0.8,1.12,MEASURED_PI
rgb565-lz4,idle-desktop,720x1280,16.1322,23.8828,25.1913,2.0196,2.2038,3.19,28.37,MEASURED_PI
quant-moderate-16bit-lz4,idle-desktop,720x1280,17.0902,19.3945,20.8472,3.8521,4.4306,2.57,11.26,MEASURED_PI
quant-aggressive-lz4,idle-desktop,720x1280,17.7706,20.0284,24.1782,3.107,3.4133,1.74,9.67,MEASURED_PI
qoir-lossless,idle-desktop,720x1280,27.1293,27.5698,28.2006,30.1709,30.4955,1.76,1.58,MEASURED_PI
qoir-lossy-l3,idle-desktop,720x1280,29.4981,29.8547,32.4569,55.5397,56.4616,1.29,0.69,MEASURED_PI
qoir-lossy-l5,idle-desktop,720x1280,29.3168,29.7078,29.8797,55.5591,56.3841,1.04,0.55,MEASURED_PI
prev-xor-lz4,idle-desktop,720x1280,24.8631,26.1615,35.9746,10.002,11.244,0.3,0.74,MEASURED_PI
prev-sub-lz4,idle-desktop,720x1280,24.759,26.0198,53.8811,9.9396,10.8267,0.26,0.76,MEASURED_PI
rgb565-lz4,mixed-web-content,720x1280,5.5643,6.2012,9.3077,3.0416,3.2346,24.78,44.79,MEASURED_PI
quant-moderate-16bit-lz4,mixed-web-content,720x1280,5.8127,6.271,7.9252,4.463,4.6351,14.58,19.01,MEASURED_PI
quant-aggressive-lz4,mixed-web-content,720x1280,3.6271,3.7757,4.9477,3.0349,3.1064,12.91,15.36,MEASURED_PI
qoir-lossless,mixed-web-content,720x1280,20.2418,21.4749,22.6056,34.0358,34.5424,7.7,4.61,MEASURED_PI
qoir-lossy-l3,mixed-web-content,720x1280,21.1361,22.0243,22.4395,58.9055,59.4845,5.06,1.82,MEASURED_PI
qoir-lossy-l5,mixed-web-content,720x1280,18.1859,19.2671,19.55,56.4905,57.0735,2.8,0.9,MEASURED_PI
prev-xor-lz4,mixed-web-content,720x1280,19.2321,19.7275,19.8768,10.8096,11.0078,13.53,23.84,MEASURED_PI
prev-sub-lz4,mixed-web-content,720x1280,19.3033,19.8587,20.3207,10.8391,11.1023,13.57,23.95,MEASURED_PI
rgb565-lz4,photo-viewer,720x1280,5.0109,7.1662,7.5032,3.3727,4.4929,30.52,44.94,MEASURED_PI
quant-moderate-16bit-lz4,photo-viewer,720x1280,4.2418,4.6248,6.8833,3.7093,3.9355,6.7,7.73,MEASURED_PI
quant-aggressive-lz4,photo-viewer,720x1280,2.9384,3.4476,4.4238,2.8195,3.0521,6.93,7.2,MEASURED_PI
qoir-lossless,photo-viewer,720x1280,17.8465,18.5383,20.5789,32.9652,33.1414,5.59,3.05,MEASURED_PI
qoir-lossy-l3,photo-viewer,720x1280,19.5738,19.7537,20.4459,57.9456,58.0907,3.99,1.35,MEASURED_PI
qoir-lossy-l5,photo-viewer,720x1280,16.3993,17.3891,17.6108,55.3941,55.4929,1.14,0.34,MEASURED_PI
prev-xor-lz4,photo-viewer,720x1280,12.0276,12.6824,13.9294,9.3742,9.9046,0.88,1.12,MEASURED_PI
prev-sub-lz4,photo-viewer,720x1280,11.9353,12.7238,12.7643,9.4011,9.8514,0.89,1.13,MEASURED_PI
rgb565-lz4,scrolling-list,720x1280,7.2059,11.6583,11.891,2.6875,3.7132,22.61,60.35,MEASURED_PI
quant-moderate-16bit-lz4,scrolling-list,720x1280,7.2658,7.5561,9.5713,4.6442,4.8421,17.82,27.95,MEASURED_PI
quant-aggressive-lz4,scrolling-list,720x1280,4.5574,4.7517,5.8125,3.3388,3.52,18.3,24.84,MEASURED_PI
qoir-lossless,scrolling-list,720x1280,21.5045,22.3584,23.6026,33.0185,33.3491,10.74,7.05,MEASURED_PI
qoir-lossy-l3,scrolling-list,720x1280,22.1778,22.7425,22.8973,58.5446,58.8706,7.05,2.68,MEASURED_PI
qoir-lossy-l5,scrolling-list,720x1280,20.2816,20.8845,21.21,57.5652,57.7912,4.62,1.63,MEASURED_PI
prev-xor-lz4,scrolling-list,720x1280,20.7535,22.2379,22.4387,9.7895,10.2602,13.51,28.47,MEASURED_PI
prev-sub-lz4,scrolling-list,720x1280,21.1932,22.5311,22.8585,9.6461,10.2138,13.63,29.61,MEASURED_PI
rgb565-lz4,typing-terminal,720x1280,3.9215,5.0256,5.2515,2.5591,2.9176,16.11,24.31,MEASURED_PI
quant-moderate-16bit-lz4,typing-terminal,720x1280,5.0862,6.1059,7.0054,3.4651,3.8221,10.61,15.6,MEASURED_PI
quant-aggressive-lz4,typing-terminal,720x1280,3.3787,3.7872,4.3283,2.6244,2.8152,10.29,13.09,MEASURED_PI
qoir-lossless,typing-terminal,720x1280,15.0818,16.2196,16.8198,30.1896,30.7831,3.98,2.0,MEASURED_PI
qoir-lossy-l3,typing-terminal,720x1280,17.4046,18.4219,18.4845,55.7936,56.3594,2.68,0.84,MEASURED_PI
qoir-lossy-l5,typing-terminal,720x1280,17.0201,18.1512,18.254,55.7308,56.2903,2.17,0.67,MEASURED_PI
prev-xor-lz4,typing-terminal,720x1280,12.1656,12.4154,12.5475,8.8921,9.2874,0.7,0.95,MEASURED_PI
prev-sub-lz4,typing-terminal,720x1280,12.3072,12.6288,12.8454,8.8664,9.4536,0.69,0.96,MEASURED_PI
rgb565-lz4,video-playback,720x1280,3.8235,4.8517,6.4169,2.2223,2.5164,16.6,28.89,MEASURED_PI
quant-moderate-16bit-lz4,video-playback,720x1280,5.1437,5.7267,6.6727,3.3751,3.5001,9.53,14.63,MEASURED_PI
quant-aggressive-lz4,video-playback,720x1280,3.2175,3.3266,4.6439,2.4867,2.8369,8.41,10.84,MEASURED_PI
qoir-lossless,video-playback,720x1280,15.3009,15.9751,16.8684,30.2544,30.3584,4.59,2.34,MEASURED_PI
qoir-lossy-l3,video-playback,720x1280,17.5307,18.3841,18.8213,55.979,56.0962,2.88,0.91,MEASURED_PI
qoir-lossy-l5,video-playback,720x1280,16.726,17.2637,17.6766,55.5291,55.6727,1.69,0.51,MEASURED_PI
prev-xor-lz4,video-playback,720x1280,13.6081,13.9812,14.1138,8.8771,9.2699,3.88,5.9,MEASURED_PI
prev-sub-lz4,video-playback,720x1280,13.8033,14.1487,14.3459,8.8128,9.0174,3.85,6.02,MEASURED_PI
